,Operation name,Status,Event category,Level,Time,Subscription,Event initiated by,Resource type,Resource group,Resource
,Supprimer le déploiement,Accepted,Administrative,Informational,2024-06-29T07:02:02.229Z,fbf69640-cc5e-44b7-8568-908cc461fa74,soumyadeep2000@gmail.com,Microsoft.Resources/deployments,COE,/subscriptions/fbf69640-cc5e-44b7-8568-908cc461fa74/resourcegroups/COE/providers/Microsoft.Resources/deployments/publishing_1719644506968
,Supprimer le déploiement,Started,Administrative,Informational,2024-06-29T07:02:00.416Z,fbf69640-cc5e-44b7-8568-908cc461fa74,soumyadeep2000@gmail.com,Microsoft.Resources/deployments,COE,/subscriptions/fbf69640-cc5e-44b7-8568-908cc461fa74/resourcegroups/COE/providers/Microsoft.Resources/deployments/publishing_1719644506968
,Obtenir l'état de l'opération de déploiement,Succeeded,Administrative,Informational,2024-06-29T07:02:00.225Z,fbf69640-cc5e-44b7-8568-908cc461fa74,soumyadeep2000@gmail.com,Microsoft.Resources/deployments/operationStatuses,COE,/subscriptions/fbf69640-cc5e-44b7-8568-908cc461fa74/resourceGroups/COE/providers/Microsoft.Resources/deployments/publishing_1719644506968
,Créer un déploiement,Succeeded,Administrative,Informational,2024-06-29T07:01:59.213Z,fbf69640-cc5e-44b7-8568-908cc461fa74,soumyadeep2000@gmail.com,Microsoft.Resources/deployments,COE,/subscriptions/fbf69640-cc5e-44b7-8568-908cc461fa74/resourcegroups/COE/providers/Microsoft.Resources/deployments/publishing_1719644506968
,Créer un déploiement,Started,Administrative,Informational,2024-06-29T07:01:49.895Z,fbf69640-cc5e-44b7-8568-908cc461fa74,soumyadeep2000@gmail.com,Microsoft.Resources/deployments,COE,/subscriptions/fbf69640-cc5e-44b7-8568-908cc461fa74/resourcegroups/COE/providers/Microsoft.Resources/deployments/publishing_1719644506968
,Créer un déploiement,Succeeded,Administrative,Informational,2024-06-29T07:01:52.676Z,fbf69640-cc5e-44b7-8568-908cc461fa74,soumyadeep2000@gmail.com,Microsoft.Resources/deployments,COE,/subscriptions/fbf69640-cc5e-44b7-8568-908cc461fa74/resourceGroups/COE/providers/Microsoft.Resources/deployments/publishing_1719644506968
,Créer un déploiement,Accepted,Administrative,Informational,2024-06-29T07:01:52.707Z,fbf69640-cc5e-44b7-8568-908cc461fa74,soumyadeep2000@gmail.com,Microsoft.Resources/deployments,COE,/subscriptions/fbf69640-cc5e-44b7-8568-908cc461fa74/resourcegroups/COE/providers/Microsoft.Resources/deployments/publishing_1719644506968
,Create or Update Dataset,Started,Administrative,Informational,2024-06-29T07:01:54.494Z,fbf69640-cc5e-44b7-8568-908cc461fa74,soumyadeep2000@gmail.com,Microsoft.DataFactory/factories/datasets,COE,/subscriptions/fbf69640-cc5e-44b7-8568-908cc461fa74/resourcegroups/COE/providers/Microsoft.DataFactory/factories/COE-DE-DF/datasets/ds_dest_blob
,Create or Update Dataset,Started,Administrative,Informational,2024-06-29T07:01:54.494Z,fbf69640-cc5e-44b7-8568-908cc461fa74,soumyadeep2000@gmail.com,Microsoft.DataFactory/factories/datasets,COE,/subscriptions/fbf69640-cc5e-44b7-8568-908cc461fa74/resourcegroups/COE/providers/Microsoft.DataFactory/factories/COE-DE-DF/datasets/ds_source_sftp
,Create or Update Dataset,Succeeded,Administrative,Informational,2024-06-29T07:01:56.103Z,fbf69640-cc5e-44b7-8568-908cc461fa74,soumyadeep2000@gmail.com,Microsoft.DataFactory/factories/datasets,COE,/subscriptions/fbf69640-cc5e-44b7-8568-908cc461fa74/resourcegroups/COE/providers/Microsoft.DataFactory/factories/COE-DE-DF/datasets/ds_dest_blob
,Create or Update Dataset,Succeeded,Administrative,Informational,2024-06-29T07:01:56.119Z,fbf69640-cc5e-44b7-8568-908cc461fa74,soumyadeep2000@gmail.com,Microsoft.DataFactory/factories/datasets,COE,/subscriptions/fbf69640-cc5e-44b7-8568-908cc461fa74/resourcegroups/COE/providers/Microsoft.DataFactory/factories/COE-DE-DF/datasets/ds_source_sftp
,Create or Update any Pipeline.,Started,Administrative,Informational,2024-06-29T07:01:57.181Z,fbf69640-cc5e-44b7-8568-908cc461fa74,soumyadeep2000@gmail.com,Microsoft.DataFactory/factories/pipelines,COE,/subscriptions/fbf69640-cc5e-44b7-8568-908cc461fa74/resourcegroups/COE/providers/Microsoft.DataFactory/factories/COE-DE-DF/pipelines/pipeline1
,Create or Update any Pipeline.,Succeeded,Administrative,Informational,2024-06-29T07:01:57.525Z,fbf69640-cc5e-44b7-8568-908cc461fa74,soumyadeep2000@gmail.com,Microsoft.DataFactory/factories/pipelines,COE,/subscriptions/fbf69640-cc5e-44b7-8568-908cc461fa74/resourcegroups/COE/providers/Microsoft.DataFactory/factories/COE-DE-DF/pipelines/pipeline1
,Obtenir l'état de l'opération de déploiement,Succeeded,Administrative,Informational,2024-06-29T07:01:57.784Z,fbf69640-cc5e-44b7-8568-908cc461fa74,soumyadeep2000@gmail.com,Microsoft.Resources/deployments/operationStatuses,COE,/subscriptions/fbf69640-cc5e-44b7-8568-908cc461fa74/resourceGroups/COE/providers/Microsoft.Resources/deployments/publishing_1719644506968
,Obtenir l'état de l'opération de déploiement,Succeeded,Administrative,Informational,2024-06-29T07:01:55.379Z,fbf69640-cc5e-44b7-8568-908cc461fa74,soumyadeep2000@gmail.com,Microsoft.Resources/deployments/operationStatuses,COE,/subscriptions/fbf69640-cc5e-44b7-8568-908cc461fa74/resourceGroups/COE/providers/Microsoft.Resources/deployments/publishing_1719644506968
,Create Debug Pipeline Run Environment,Accepted,Administrative,Informational,2024-06-29T07:00:09.427Z,fbf69640-cc5e-44b7-8568-908cc461fa74,soumyadeep2000@gmail.com,Microsoft.DataFactory/factories/pipelines,COE,/subscriptions/fbf69640-cc5e-44b7-8568-908cc461fa74/resourcegroups/COE/providers/Microsoft.DataFactory/factories/COE-DE-DF/pipelines/pipeline1/sandbox/create
,Create Debug Pipeline Run Environment,Started,Administrative,Informational,2024-06-29T07:00:07.615Z,fbf69640-cc5e-44b7-8568-908cc461fa74,soumyadeep2000@gmail.com,Microsoft.DataFactory/factories/pipelines,COE,/subscriptions/fbf69640-cc5e-44b7-8568-908cc461fa74/resourcegroups/COE/providers/Microsoft.DataFactory/factories/COE-DE-DF/pipelines/pipeline1/sandbox/create
,Put blob container,Succeeded,Administrative,Informational,2024-06-29T06:54:54.716Z,fbf69640-cc5e-44b7-8568-908cc461fa74,soumyadeep2000@gmail.com,Microsoft.Storage/storageAccounts/blobServices/containers,COE,/subscriptions/fbf69640-cc5e-44b7-8568-908cc461fa74/resourceGroups/COE/providers/Microsoft.Storage/storageAccounts/sftpstorageaccountcoe/blobServices/default/containers/inputcontainer
,Put blob container,Started,Administrative,Informational,2024-06-29T06:54:54.435Z,fbf69640-cc5e-44b7-8568-908cc461fa74,soumyadeep2000@gmail.com,Microsoft.Storage/storageAccounts/blobServices/containers,COE,/subscriptions/fbf69640-cc5e-44b7-8568-908cc461fa74/resourceGroups/COE/providers/Microsoft.Storage/storageAccounts/sftpstorageaccountcoe/blobServices/default/containers/inputcontainer
,Create or Update any Linked Service.,Succeeded,Administrative,Informational,2024-06-29T06:52:48.699Z,fbf69640-cc5e-44b7-8568-908cc461fa74,soumyadeep2000@gmail.com,Microsoft.DataFactory/factories/linkedServices,COE,/subscriptions/fbf69640-cc5e-44b7-8568-908cc461fa74/resourcegroups/COE/providers/Microsoft.DataFactory/factories/COE-DE-DF/linkedServices/ls_Blob_Source
,Create or Update any Linked Service.,Started,Administrative,Informational,2024-06-29T06:52:48.214Z,fbf69640-cc5e-44b7-8568-908cc461fa74,soumyadeep2000@gmail.com,Microsoft.DataFactory/factories/linkedServices,COE,/subscriptions/fbf69640-cc5e-44b7-8568-908cc461fa74/resourcegroups/COE/providers/Microsoft.DataFactory/factories/COE-DE-DF/linkedServices/ls_Blob_Source
,List Storage Account Keys,Succeeded,Administrative,Informational,2024-06-29T06:52:44.828Z,fbf69640-cc5e-44b7-8568-908cc461fa74,soumyadeep2000@gmail.com,Microsoft.Storage/storageAccounts,COE,/subscriptions/fbf69640-cc5e-44b7-8568-908cc461fa74/resourceGroups/COE/providers/Microsoft.Storage/storageAccounts/sftpstorageaccountcoe
,List Storage Account Keys,Started,Administrative,Informational,2024-06-29T06:52:44.656Z,fbf69640-cc5e-44b7-8568-908cc461fa74,soumyadeep2000@gmail.com,Microsoft.Storage/storageAccounts,COE,/subscriptions/fbf69640-cc5e-44b7-8568-908cc461fa74/resourceGroups/COE/providers/Microsoft.Storage/storageAccounts/sftpstorageaccountcoe
,List Storage Account Keys,Succeeded,Administrative,Informational,2024-06-29T06:51:43.613Z,fbf69640-cc5e-44b7-8568-908cc461fa74,soumyadeep2000@gmail.com,Microsoft.Storage/storageAccounts,COE,/subscriptions/fbf69640-cc5e-44b7-8568-908cc461fa74/resourceGroups/COE/providers/Microsoft.Storage/storageAccounts/sftpstorageaccountcoe
,List Storage Account Keys,Started,Administrative,Informational,2024-06-29T06:51:43.473Z,fbf69640-cc5e-44b7-8568-908cc461fa74,soumyadeep2000@gmail.com,Microsoft.Storage/storageAccounts,COE,/subscriptions/fbf69640-cc5e-44b7-8568-908cc461fa74/resourceGroups/COE/providers/Microsoft.Storage/storageAccounts/sftpstorageaccountcoe
,Create or Update any Linked Service.,Succeeded,Administrative,Informational,2024-06-29T06:47:57.851Z,fbf69640-cc5e-44b7-8568-908cc461fa74,soumyadeep2000@gmail.com,Microsoft.DataFactory/factories/linkedServices,COE,/subscriptions/fbf69640-cc5e-44b7-8568-908cc461fa74/resourcegroups/COE/providers/Microsoft.DataFactory/factories/COE-DE-DF/linkedServices/ls_BlobStorage1
,Create or Update any Linked Service.,Started,Administrative,Informational,2024-06-29T06:47:57.507Z,fbf69640-cc5e-44b7-8568-908cc461fa74,soumyadeep2000@gmail.com,Microsoft.DataFactory/factories/linkedServices,COE,/subscriptions/fbf69640-cc5e-44b7-8568-908cc461fa74/resourcegroups/COE/providers/Microsoft.DataFactory/factories/COE-DE-DF/linkedServices/ls_BlobStorage1
,Update Key Vault,Succeeded,Administrative,Informational,2024-06-29T06:47:35.777Z,fbf69640-cc5e-44b7-8568-908cc461fa74,soumyadeep2000@gmail.com,Microsoft.KeyVault/vaults,COE,/subscriptions/fbf69640-cc5e-44b7-8568-908cc461fa74/resourcegroups/COE/providers/Microsoft.KeyVault/vaults/coe-key-vault01
,Créer un déploiement,Started,Administrative,Informational,2024-06-29T06:37:30.383Z,fbf69640-cc5e-44b7-8568-908cc461fa74,soumyadeep2000@gmail.com,Microsoft.Resources/deployments,COE,/subscriptions/fbf69640-cc5e-44b7-8568-908cc461fa74/resourceGroups/COE/providers/Microsoft.Resources/deployments/coe-key-vault01
,Créer un déploiement,Succeeded,Administrative,Informational,2024-06-29T06:37:32.836Z,fbf69640-cc5e-44b7-8568-908cc461fa74,soumyadeep2000@gmail.com,Microsoft.Resources/deployments,COE,/subscriptions/fbf69640-cc5e-44b7-8568-908cc461fa74/resourceGroups/COE/providers/Microsoft.Resources/deployments/coe-key-vault01
,Créer un déploiement,Accepted,Administrative,Informational,2024-06-29T06:37:32.852Z,fbf69640-cc5e-44b7-8568-908cc461fa74,soumyadeep2000@gmail.com,Microsoft.Resources/deployments,COE,/subscriptions/fbf69640-cc5e-44b7-8568-908cc461fa74/resourceGroups/COE/providers/Microsoft.Resources/deployments/coe-key-vault01
,Update Key Vault,Started,Administrative,Informational,2024-06-29T06:37:33.323Z,fbf69640-cc5e-44b7-8568-908cc461fa74,soumyadeep2000@gmail.com,Microsoft.KeyVault/vaults,COE,/subscriptions/fbf69640-cc5e-44b7-8568-908cc461fa74/resourcegroups/COE/providers/Microsoft.KeyVault/vaults/coe-key-vault01
,Update Key Vault,Accepted,Administrative,Informational,2024-06-29T06:37:38.495Z,fbf69640-cc5e-44b7-8568-908cc461fa74,soumyadeep2000@gmail.com,Microsoft.KeyVault/vaults,COE,/subscriptions/fbf69640-cc5e-44b7-8568-908cc461fa74/resourcegroups/COE/providers/Microsoft.KeyVault/vaults/coe-key-vault01
,Créer un déploiement,Succeeded,Administrative,Informational,2024-06-29T06:37:55.372Z,fbf69640-cc5e-44b7-8568-908cc461fa74,soumyadeep2000@gmail.com,Microsoft.Resources/deployments,COE,/subscriptions/fbf69640-cc5e-44b7-8568-908cc461fa74/resourceGroups/COE/providers/Microsoft.Resources/deployments/coe-key-vault01
,List Storage Account Keys,Succeeded,Administrative,Informational,2024-06-29T06:45:59.945Z,fbf69640-cc5e-44b7-8568-908cc461fa74,soumyadeep2000@gmail.com,Microsoft.Storage/storageAccounts,COE,/subscriptions/fbf69640-cc5e-44b7-8568-908cc461fa74/resourceGroups/COE/providers/Microsoft.Storage/storageAccounts/sftpstorageaccountcoe
,List Storage Account Keys,Started,Administrative,Informational,2024-06-29T06:45:59.695Z,fbf69640-cc5e-44b7-8568-908cc461fa74,soumyadeep2000@gmail.com,Microsoft.Storage/storageAccounts,COE,/subscriptions/fbf69640-cc5e-44b7-8568-908cc461fa74/resourceGroups/COE/providers/Microsoft.Storage/storageAccounts/sftpstorageaccountcoe
,Create or Update any Linked Service.,Succeeded,Administrative,Informational,2024-06-29T06:42:27.425Z,fbf69640-cc5e-44b7-8568-908cc461fa74,soumyadeep2000@gmail.com,Microsoft.DataFactory/factories/linkedServices,COE,/subscriptions/fbf69640-cc5e-44b7-8568-908cc461fa74/resourcegroups/COE/providers/Microsoft.DataFactory/factories/COE-DE-DF/linkedServices/ls_sftp
,Create or Update any Linked Service.,Started,Administrative,Informational,2024-06-29T06:42:26.925Z,fbf69640-cc5e-44b7-8568-908cc461fa74,soumyadeep2000@gmail.com,Microsoft.DataFactory/factories/linkedServices,COE,/subscriptions/fbf69640-cc5e-44b7-8568-908cc461fa74/resourcegroups/COE/providers/Microsoft.DataFactory/factories/COE-DE-DF/linkedServices/ls_sftp
,Get DataPlane access,Succeeded,Administrative,Informational,2024-06-29T06:42:15.778Z,fbf69640-cc5e-44b7-8568-908cc461fa74,soumyadeep2000@gmail.com,Microsoft.DataFactory/factories,COE,/subscriptions/fbf69640-cc5e-44b7-8568-908cc461fa74/resourcegroups/COE/providers/Microsoft.DataFactory/factories/COE-DE-DF
,Get DataPlane access,Started,Administrative,Informational,2024-06-29T06:42:15.452Z,fbf69640-cc5e-44b7-8568-908cc461fa74,soumyadeep2000@gmail.com,Microsoft.DataFactory/factories,COE,/subscriptions/fbf69640-cc5e-44b7-8568-908cc461fa74/resourcegroups/COE/providers/Microsoft.DataFactory/factories/COE-DE-DF
,Valider le déploiement,Succeeded,Administrative,Informational,2024-06-29T06:37:30.161Z,fbf69640-cc5e-44b7-8568-908cc461fa74,soumyadeep2000@gmail.com,Microsoft.Resources/deployments,COE,/subscriptions/fbf69640-cc5e-44b7-8568-908cc461fa74/resourceGroups/COE/providers/Microsoft.Resources/deployments/coe-key-vault01
,Valider le déploiement,Started,Administrative,Informational,2024-06-29T06:37:28.145Z,fbf69640-cc5e-44b7-8568-908cc461fa74,soumyadeep2000@gmail.com,Microsoft.Resources/deployments,COE,/subscriptions/fbf69640-cc5e-44b7-8568-908cc461fa74/resourceGroups/COE/providers/Microsoft.Resources/deployments/coe-key-vault01
,Valider le déploiement,Succeeded,Administrative,Informational,2024-06-29T06:37:23.577Z,fbf69640-cc5e-44b7-8568-908cc461fa74,soumyadeep2000@gmail.com,Microsoft.Resources/deployments,COE,/subscriptions/fbf69640-cc5e-44b7-8568-908cc461fa74/resourceGroups/COE/providers/Microsoft.Resources/deployments/coe-key-vault01
,Valider le déploiement,Started,Administrative,Informational,2024-06-29T06:37:21.764Z,fbf69640-cc5e-44b7-8568-908cc461fa74,soumyadeep2000@gmail.com,Microsoft.Resources/deployments,COE,/subscriptions/fbf69640-cc5e-44b7-8568-908cc461fa74/resourceGroups/COE/providers/Microsoft.Resources/deployments/coe-key-vault01
,Supprimer le déploiement,Accepted,Administrative,Informational,2024-06-29T06:35:52.943Z,fbf69640-cc5e-44b7-8568-908cc461fa74,soumyadeep2000@gmail.com,Microsoft.Resources/deployments,COE,/subscriptions/fbf69640-cc5e-44b7-8568-908cc461fa74/resourceGroups/COE/providers/Microsoft.Resources/deployments/Microsoft.ManagedHSM-20240629120402
,Supprimer le déploiement,Started,Administrative,Informational,2024-06-29T06:35:49.146Z,fbf69640-cc5e-44b7-8568-908cc461fa74,soumyadeep2000@gmail.com,Microsoft.Resources/deployments,COE,/subscriptions/fbf69640-cc5e-44b7-8568-908cc461fa74/resourceGroups/COE/providers/Microsoft.Resources/deployments/Microsoft.ManagedHSM-20240629120402
,Créer un déploiement,Failed,Administrative,Error,2024-06-29T06:35:24.722Z,fbf69640-cc5e-44b7-8568-908cc461fa74,soumyadeep2000@gmail.com,Microsoft.Resources/deployments,COE,/subscriptions/fbf69640-cc5e-44b7-8568-908cc461fa74/resourceGroups/COE/providers/Microsoft.Resources/deployments/Microsoft.ManagedHSM-20240629120402
,Créer un déploiement,Started,Administrative,Informational,2024-06-29T06:35:05.877Z,fbf69640-cc5e-44b7-8568-908cc461fa74,soumyadeep2000@gmail.com,Microsoft.Resources/deployments,COE,/subscriptions/fbf69640-cc5e-44b7-8568-908cc461fa74/resourceGroups/COE/providers/Microsoft.Resources/deployments/Microsoft.ManagedHSM-20240629120402
,Créer un déploiement,Succeeded,Administrative,Informational,2024-06-29T06:35:08.456Z,fbf69640-cc5e-44b7-8568-908cc461fa74,soumyadeep2000@gmail.com,Microsoft.Resources/deployments,COE,/subscriptions/fbf69640-cc5e-44b7-8568-908cc461fa74/resourceGroups/COE/providers/Microsoft.Resources/deployments/Microsoft.ManagedHSM-20240629120402
,Créer un déploiement,Accepted,Administrative,Informational,2024-06-29T06:35:08.471Z,fbf69640-cc5e-44b7-8568-908cc461fa74,soumyadeep2000@gmail.com,Microsoft.Resources/deployments,COE,/subscriptions/fbf69640-cc5e-44b7-8568-908cc461fa74/resourceGroups/COE/providers/Microsoft.Resources/deployments/Microsoft.ManagedHSM-20240629120402
,Update Managed HSM,Started,Administrative,Informational,2024-06-29T06:35:08.970Z,fbf69640-cc5e-44b7-8568-908cc461fa74,soumyadeep2000@gmail.com,Microsoft.KeyVault/managedHSMs,COE,/subscriptions/fbf69640-cc5e-44b7-8568-908cc461fa74/resourcegroups/COE/providers/Microsoft.KeyVault/managedHSMs/key-vault
,Update Managed HSM,Failed,Administrative,Error,2024-06-29T06:35:24.550Z,fbf69640-cc5e-44b7-8568-908cc461fa74,soumyadeep2000@gmail.com,Microsoft.KeyVault/managedHSMs,COE,/subscriptions/fbf69640-cc5e-44b7-8568-908cc461fa74/resourcegroups/COE/providers/Microsoft.KeyVault/managedHSMs/key-vault
,Valider le déploiement,Succeeded,Administrative,Informational,2024-06-29T06:35:05.688Z,fbf69640-cc5e-44b7-8568-908cc461fa74,soumyadeep2000@gmail.com,Microsoft.Resources/deployments,COE,/subscriptions/fbf69640-cc5e-44b7-8568-908cc461fa74/resourceGroups/COE/providers/Microsoft.Resources/deployments/Microsoft.ManagedHSM-20240629120402
,Valider le déploiement,Started,Administrative,Informational,2024-06-29T06:35:03.454Z,fbf69640-cc5e-44b7-8568-908cc461fa74,soumyadeep2000@gmail.com,Microsoft.Resources/deployments,COE,/subscriptions/fbf69640-cc5e-44b7-8568-908cc461fa74/resourceGroups/COE/providers/Microsoft.Resources/deployments/Microsoft.ManagedHSM-20240629120402
,Valider le déploiement,Succeeded,Administrative,Informational,2024-06-29T06:34:58.665Z,fbf69640-cc5e-44b7-8568-908cc461fa74,soumyadeep2000@gmail.com,Microsoft.Resources/deployments,COE,/subscriptions/fbf69640-cc5e-44b7-8568-908cc461fa74/resourceGroups/COE/providers/Microsoft.Resources/deployments/Microsoft.ManagedHSM-20240629120402
,Valider le déploiement,Started,Administrative,Informational,2024-06-29T06:34:56.743Z,fbf69640-cc5e-44b7-8568-908cc461fa74,soumyadeep2000@gmail.com,Microsoft.Resources/deployments,COE,/subscriptions/fbf69640-cc5e-44b7-8568-908cc461fa74/resourceGroups/COE/providers/Microsoft.Resources/deployments/Microsoft.ManagedHSM-20240629120402
,Delete Key Vault,Succeeded,Administrative,Informational,2024-06-29T06:33:39.447Z,fbf69640-cc5e-44b7-8568-908cc461fa74,soumyadeep2000@gmail.com,Microsoft.KeyVault/vaults,COE,/subscriptions/fbf69640-cc5e-44b7-8568-908cc461fa74/resourcegroups/COE/providers/Microsoft.KeyVault/vaults/secretvaultcoe
,Delete Key Vault,Started,Administrative,Informational,2024-06-29T06:33:03.859Z,fbf69640-cc5e-44b7-8568-908cc461fa74,soumyadeep2000@gmail.com,Microsoft.KeyVault/vaults,COE,/subscriptions/fbf69640-cc5e-44b7-8568-908cc461fa74/resourceGroups/COE/providers/Microsoft.KeyVault/vaults/secretvaultcoe
,Delete Key Vault,Succeeded,Administrative,Informational,2024-06-29T06:33:07.577Z,fbf69640-cc5e-44b7-8568-908cc461fa74,soumyadeep2000@gmail.com,Microsoft.KeyVault/vaults,COE,/subscriptions/fbf69640-cc5e-44b7-8568-908cc461fa74/resourceGroups/COE/providers/Microsoft.KeyVault/vaults/secretvaultcoe
,Update Key Vault,Succeeded,Administrative,Informational,2024-06-29T06:19:54.759Z,fbf69640-cc5e-44b7-8568-908cc461fa74,soumyadeep2000@gmail.com,Microsoft.KeyVault/vaults,COE,/subscriptions/fbf69640-cc5e-44b7-8568-908cc461fa74/resourcegroups/COE/providers/Microsoft.KeyVault/vaults/secretvaultcoe
,Créer un déploiement,Started,Administrative,Informational,2024-06-29T06:09:50.799Z,fbf69640-cc5e-44b7-8568-908cc461fa74,soumyadeep2000@gmail.com,Microsoft.Resources/deployments,COE,/subscriptions/fbf69640-cc5e-44b7-8568-908cc461fa74/resourceGroups/COE/providers/Microsoft.Resources/deployments/secretvaultcoe
,Créer un déploiement,Succeeded,Administrative,Informational,2024-06-29T06:09:52.909Z,fbf69640-cc5e-44b7-8568-908cc461fa74,soumyadeep2000@gmail.com,Microsoft.Resources/deployments,COE,/subscriptions/fbf69640-cc5e-44b7-8568-908cc461fa74/resourceGroups/COE/providers/Microsoft.Resources/deployments/secretvaultcoe
,Créer un déploiement,Accepted,Administrative,Informational,2024-06-29T06:09:52.924Z,fbf69640-cc5e-44b7-8568-908cc461fa74,soumyadeep2000@gmail.com,Microsoft.Resources/deployments,COE,/subscriptions/fbf69640-cc5e-44b7-8568-908cc461fa74/resourceGroups/COE/providers/Microsoft.Resources/deployments/secretvaultcoe
,Update Key Vault,Started,Administrative,Informational,2024-06-29T06:09:53.554Z,fbf69640-cc5e-44b7-8568-908cc461fa74,soumyadeep2000@gmail.com,Microsoft.KeyVault/vaults,COE,/subscriptions/fbf69640-cc5e-44b7-8568-908cc461fa74/resourcegroups/COE/providers/Microsoft.KeyVault/vaults/secretvaultcoe
,Update Key Vault,Accepted,Administrative,Informational,2024-06-29T06:10:00.460Z,fbf69640-cc5e-44b7-8568-908cc461fa74,soumyadeep2000@gmail.com,Microsoft.KeyVault/vaults,COE,/subscriptions/fbf69640-cc5e-44b7-8568-908cc461fa74/resourcegroups/COE/providers/Microsoft.KeyVault/vaults/secretvaultcoe
,Créer un déploiement,Succeeded,Administrative,Informational,2024-06-29T06:10:21.039Z,fbf69640-cc5e-44b7-8568-908cc461fa74,soumyadeep2000@gmail.com,Microsoft.Resources/deployments,COE,/subscriptions/fbf69640-cc5e-44b7-8568-908cc461fa74/resourceGroups/COE/providers/Microsoft.Resources/deployments/secretvaultcoe
,Valider le déploiement,Succeeded,Administrative,Informational,2024-06-29T06:09:50.654Z,fbf69640-cc5e-44b7-8568-908cc461fa74,soumyadeep2000@gmail.com,Microsoft.Resources/deployments,COE,/subscriptions/fbf69640-cc5e-44b7-8568-908cc461fa74/resourceGroups/COE/providers/Microsoft.Resources/deployments/secretvaultcoe
,Valider le déploiement,Started,Administrative,Informational,2024-06-29T06:09:48.435Z,fbf69640-cc5e-44b7-8568-908cc461fa74,soumyadeep2000@gmail.com,Microsoft.Resources/deployments,COE,/subscriptions/fbf69640-cc5e-44b7-8568-908cc461fa74/resourceGroups/COE/providers/Microsoft.Resources/deployments/secretvaultcoe
,Valider le déploiement,Succeeded,Administrative,Informational,2024-06-29T06:09:39.763Z,fbf69640-cc5e-44b7-8568-908cc461fa74,soumyadeep2000@gmail.com,Microsoft.Resources/deployments,COE,/subscriptions/fbf69640-cc5e-44b7-8568-908cc461fa74/resourceGroups/COE/providers/Microsoft.Resources/deployments/secretvaultcoe
,Valider le déploiement,Started,Administrative,Informational,2024-06-29T06:09:37.638Z,fbf69640-cc5e-44b7-8568-908cc461fa74,soumyadeep2000@gmail.com,Microsoft.Resources/deployments,COE,/subscriptions/fbf69640-cc5e-44b7-8568-908cc461fa74/resourceGroups/COE/providers/Microsoft.Resources/deployments/secretvaultcoe
,RegeneratePassword,Succeeded,Administrative,Informational,2024-06-29T06:06:41.554Z,fbf69640-cc5e-44b7-8568-908cc461fa74,soumyadeep2000@gmail.com,Microsoft.Storage/storageAccounts/localusers,COE,/subscriptions/fbf69640-cc5e-44b7-8568-908cc461fa74/resourcegroups/COE/providers/Microsoft.Storage/storageAccounts/sftpstorageaccountcoe/localusers/sftpadmin
,RegeneratePassword,Started,Administrative,Informational,2024-06-29T06:06:41.382Z,fbf69640-cc5e-44b7-8568-908cc461fa74,soumyadeep2000@gmail.com,Microsoft.Storage/storageAccounts/localusers,COE,/subscriptions/fbf69640-cc5e-44b7-8568-908cc461fa74/resourcegroups/COE/providers/Microsoft.Storage/storageAccounts/sftpstorageaccountcoe/localusers/sftpadmin
,Put Local User,Succeeded,Administrative,Informational,2024-06-29T06:06:41.157Z,fbf69640-cc5e-44b7-8568-908cc461fa74,soumyadeep2000@gmail.com,Microsoft.Storage/storageAccounts/localusers,COE,/subscriptions/fbf69640-cc5e-44b7-8568-908cc461fa74/resourcegroups/COE/providers/Microsoft.Storage/storageAccounts/sftpstorageaccountcoe/localusers/sftpadmin
,Put Local User,Started,Administrative,Informational,2024-06-29T06:06:40.657Z,fbf69640-cc5e-44b7-8568-908cc461fa74,soumyadeep2000@gmail.com,Microsoft.Storage/storageAccounts/localusers,COE,/subscriptions/fbf69640-cc5e-44b7-8568-908cc461fa74/resourcegroups/COE/providers/Microsoft.Storage/storageAccounts/sftpstorageaccountcoe/localusers/sftpadmin
,Put blob container,Succeeded,Administrative,Informational,2024-06-29T06:04:29.135Z,fbf69640-cc5e-44b7-8568-908cc461fa74,soumyadeep2000@gmail.com,Microsoft.Storage/storageAccounts/blobServices/containers,COE,/subscriptions/fbf69640-cc5e-44b7-8568-908cc461fa74/resourcegroups/COE/providers/Microsoft.Storage/storageAccounts/sftpstorageaccountcoe/blobServices/default/containers/container1
,Put blob container,Started,Administrative,Informational,2024-06-29T06:04:28.901Z,fbf69640-cc5e-44b7-8568-908cc461fa74,soumyadeep2000@gmail.com,Microsoft.Storage/storageAccounts/blobServices/containers,COE,/subscriptions/fbf69640-cc5e-44b7-8568-908cc461fa74/resourcegroups/COE/providers/Microsoft.Storage/storageAccounts/sftpstorageaccountcoe/blobServices/default/containers/container1
,List Storage Account Keys,Succeeded,Administrative,Informational,2024-06-29T06:04:16.930Z,fbf69640-cc5e-44b7-8568-908cc461fa74,soumyadeep2000@gmail.com,Microsoft.Storage/storageAccounts,COE,/subscriptions/fbf69640-cc5e-44b7-8568-908cc461fa74/resourcegroups/COE/providers/Microsoft.Storage/storageAccounts/sftpstorageaccountcoe
,List Storage Account Keys,Started,Administrative,Informational,2024-06-29T06:04:16.649Z,fbf69640-cc5e-44b7-8568-908cc461fa74,soumyadeep2000@gmail.com,Microsoft.Storage/storageAccounts,COE,/subscriptions/fbf69640-cc5e-44b7-8568-908cc461fa74/resourcegroups/COE/providers/Microsoft.Storage/storageAccounts/sftpstorageaccountcoe
,Update Storage Account Create,Succeeded,Administrative,Informational,2024-06-29T06:04:04.296Z,fbf69640-cc5e-44b7-8568-908cc461fa74,soumyadeep2000@gmail.com,Microsoft.Storage/storageAccounts,COE,/subscriptions/fbf69640-cc5e-44b7-8568-908cc461fa74/resourcegroups/COE/providers/Microsoft.Storage/storageAccounts/sftpstorageaccountcoe
,Update Storage Account Create,Started,Administrative,Informational,2024-06-29T06:04:02.578Z,fbf69640-cc5e-44b7-8568-908cc461fa74,soumyadeep2000@gmail.com,Microsoft.Storage/storageAccounts,COE,/subscriptions/fbf69640-cc5e-44b7-8568-908cc461fa74/resourcegroups/COE/providers/Microsoft.Storage/storageAccounts/sftpstorageaccountcoe
,Créer un déploiement,Succeeded,Administrative,Informational,2024-06-29T06:03:19.993Z,fbf69640-cc5e-44b7-8568-908cc461fa74,soumyadeep2000@gmail.com,Microsoft.Resources/deployments,COE,/subscriptions/fbf69640-cc5e-44b7-8568-908cc461fa74/resourceGroups/COE/providers/Microsoft.Resources/deployments/sftpstorageaccountcoe_1719640945204
,Créer un déploiement,Started,Administrative,Informational,2024-06-29T06:02:37.730Z,fbf69640-cc5e-44b7-8568-908cc461fa74,soumyadeep2000@gmail.com,Microsoft.Resources/deployments,COE,/subscriptions/fbf69640-cc5e-44b7-8568-908cc461fa74/resourceGroups/COE/providers/Microsoft.Resources/deployments/sftpstorageaccountcoe_1719640945204
,Créer un déploiement,Succeeded,Administrative,Informational,2024-06-29T06:02:40.808Z,fbf69640-cc5e-44b7-8568-908cc461fa74,soumyadeep2000@gmail.com,Microsoft.Resources/deployments,COE,/subscriptions/fbf69640-cc5e-44b7-8568-908cc461fa74/resourceGroups/COE/providers/Microsoft.Resources/deployments/sftpstorageaccountcoe_1719640945204
,Créer un déploiement,Accepted,Administrative,Informational,2024-06-29T06:02:40.870Z,fbf69640-cc5e-44b7-8568-908cc461fa74,soumyadeep2000@gmail.com,Microsoft.Resources/deployments,COE,/subscriptions/fbf69640-cc5e-44b7-8568-908cc461fa74/resourceGroups/COE/providers/Microsoft.Resources/deployments/sftpstorageaccountcoe_1719640945204
,Update Storage Account Create,Started,Administrative,Informational,2024-06-29T06:02:41.779Z,fbf69640-cc5e-44b7-8568-908cc461fa74,soumyadeep2000@gmail.com,Microsoft.Storage/storageAccounts,COE,/subscriptions/fbf69640-cc5e-44b7-8568-908cc461fa74/resourcegroups/COE/providers/Microsoft.Storage/storageAccounts/sftpstorageaccountcoe
,Update Storage Account Create,Accepted,Administrative,Informational,2024-06-29T06:02:49.466Z,fbf69640-cc5e-44b7-8568-908cc461fa74,soumyadeep2000@gmail.com,Microsoft.Storage/storageAccounts,COE,/subscriptions/fbf69640-cc5e-44b7-8568-908cc461fa74/resourcegroups/COE/providers/Microsoft.Storage/storageAccounts/sftpstorageaccountcoe
,Get Storage Account(s) List,Running,Administrative,Informational,2024-06-29T06:03:06.373Z,fbf69640-cc5e-44b7-8568-908cc461fa74,soumyadeep2000@gmail.com,Microsoft.Storage/storageAccounts,COE,/subscriptions/fbf69640-cc5e-44b7-8568-908cc461fa74/resourcegroups/COE/providers/Microsoft.Storage/storageAccounts/sftpstorageaccountcoe
,Update Storage Account Create,Succeeded,Administrative,Informational,2024-06-29T06:03:13.154Z,fbf69640-cc5e-44b7-8568-908cc461fa74,soumyadeep2000@gmail.com,Microsoft.Storage/storageAccounts,COE,/subscriptions/fbf69640-cc5e-44b7-8568-908cc461fa74/resourcegroups/COE/providers/Microsoft.Storage/storageAccounts/sftpstorageaccountcoe
,Put blob service properties,Started,Administrative,Informational,2024-06-29T06:03:16.212Z,fbf69640-cc5e-44b7-8568-908cc461fa74,soumyadeep2000@gmail.com,Microsoft.Storage/storageAccounts/blobServices,COE,/subscriptions/fbf69640-cc5e-44b7-8568-908cc461fa74/resourcegroups/COE/providers/Microsoft.Storage/storageAccounts/sftpstorageaccountcoe/blobServices/default
,Put blob service properties,Succeeded,Administrative,Informational,2024-06-29T06:03:17.274Z,fbf69640-cc5e-44b7-8568-908cc461fa74,soumyadeep2000@gmail.com,Microsoft.Storage/storageAccounts/blobServices,COE,/subscriptions/fbf69640-cc5e-44b7-8568-908cc461fa74/resourcegroups/COE/providers/Microsoft.Storage/storageAccounts/sftpstorageaccountcoe/blobServices/default
,Put File Service Properties,Started,Administrative,Informational,2024-06-29T06:03:18.087Z,fbf69640-cc5e-44b7-8568-908cc461fa74,soumyadeep2000@gmail.com,Microsoft.Storage/storageAccounts/fileservices,COE,/subscriptions/fbf69640-cc5e-44b7-8568-908cc461fa74/resourcegroups/COE/providers/Microsoft.Storage/storageAccounts/sftpstorageaccountcoe/fileservices/default
,Put File Service Properties,Succeeded,Administrative,Informational,2024-06-29T06:03:18.384Z,fbf69640-cc5e-44b7-8568-908cc461fa74,soumyadeep2000@gmail.com,Microsoft.Storage/storageAccounts/fileservices,COE,/subscriptions/fbf69640-cc5e-44b7-8568-908cc461fa74/resourcegroups/COE/providers/Microsoft.Storage/storageAccounts/sftpstorageaccountcoe/fileservices/default
,Valider le déploiement,Succeeded,Administrative,Informational,2024-06-29T06:02:37.566Z,fbf69640-cc5e-44b7-8568-908cc461fa74,soumyadeep2000@gmail.com,Microsoft.Resources/deployments,COE,/subscriptions/fbf69640-cc5e-44b7-8568-908cc461fa74/resourceGroups/COE/providers/Microsoft.Resources/deployments/sftpstorageaccountcoe_1719640945204
,Valider le déploiement,Started,Administrative,Informational,2024-06-29T06:02:35.956Z,fbf69640-cc5e-44b7-8568-908cc461fa74,soumyadeep2000@gmail.com,Microsoft.Resources/deployments,COE,/subscriptions/fbf69640-cc5e-44b7-8568-908cc461fa74/resourceGroups/COE/providers/Microsoft.Resources/deployments/sftpstorageaccountcoe_1719640945204
,Valider le déploiement,Succeeded,Administrative,Informational,2024-06-29T06:02:30.297Z,fbf69640-cc5e-44b7-8568-908cc461fa74,soumyadeep2000@gmail.com,Microsoft.Resources/deployments,COE,/subscriptions/fbf69640-cc5e-44b7-8568-908cc461fa74/resourceGroups/COE/providers/Microsoft.Resources/deployments/sftpstorageaccountcoe_1719640945204
,Valider le déploiement,Started,Administrative,Informational,2024-06-29T06:02:28.672Z,fbf69640-cc5e-44b7-8568-908cc461fa74,soumyadeep2000@gmail.com,Microsoft.Resources/deployments,COE,/subscriptions/fbf69640-cc5e-44b7-8568-908cc461fa74/resourceGroups/COE/providers/Microsoft.Resources/deployments/sftpstorageaccountcoe_1719640945204
,Valider le déploiement,Failed,Administrative,Error,2024-06-29T06:00:51.010Z,fbf69640-cc5e-44b7-8568-908cc461fa74,soumyadeep2000@gmail.com,Microsoft.Resources/deployments,COE,/subscriptions/fbf69640-cc5e-44b7-8568-908cc461fa74/resourceGroups/COE/providers/Microsoft.Resources/deployments/sftpstorageaccount_1719640828449
,Valider le déploiement,Started,Administrative,Informational,2024-06-29T06:00:49.432Z,fbf69640-cc5e-44b7-8568-908cc461fa74,soumyadeep2000@gmail.com,Microsoft.Resources/deployments,COE,/subscriptions/fbf69640-cc5e-44b7-8568-908cc461fa74/resourceGroups/COE/providers/Microsoft.Resources/deployments/sftpstorageaccount_1719640828449
,Valider le déploiement,Failed,Administrative,Error,2024-06-29T06:00:49.166Z,fbf69640-cc5e-44b7-8568-908cc461fa74,soumyadeep2000@gmail.com,Microsoft.Resources/deployments,COE,/subscriptions/fbf69640-cc5e-44b7-8568-908cc461fa74/resourceGroups/COE/providers/Microsoft.Resources/deployments/sftpstorageaccount_1719640828449
,Valider le déploiement,Started,Administrative,Informational,2024-06-29T06:00:47.931Z,fbf69640-cc5e-44b7-8568-908cc461fa74,soumyadeep2000@gmail.com,Microsoft.Resources/deployments,COE,/subscriptions/fbf69640-cc5e-44b7-8568-908cc461fa74/resourceGroups/COE/providers/Microsoft.Resources/deployments/sftpstorageaccount_1719640828449
